image,prediction,timestamp
24021970_FFA246E8D6C10F495905A6C467DF40AD.jpg,"错误: 404 models/gemini-1.5-flash is not found for API version v1beta, or is not supported for generateContent. Call ListModels to see the list of available models and their supported methods.",2026-01-23T14:58:00.174856
4580fe65-8240-4135-9f55-f21a0e0f0a2a.jpg,"错误: 404 models/gemini-1.5-flash is not found for API version v1beta, or is not supported for generateContent. Call ListModels to see the list of available models and their supported methods.",2026-01-23T14:58:06.909545
45d7bab6-ad8f-414d-990b-d40660ca728d.jpg,"错误: 404 models/gemini-1.5-flash is not found for API version v1beta, or is not supported for generateContent. Call ListModels to see the list of available models and their supported methods.",2026-01-23T14:58:13.611597
54560025-4223-458a-b88f-d6c2f5c1c8bc.jpg,"错误: 404 models/gemini-1.5-flash is not found for API version v1beta, or is not supported for generateContent. Call ListModels to see the list of available models and their supported methods.",2026-01-23T14:58:20.343759
573b9b1a-afa0-4a71-a077-6523a7d5f095.jpg,"错误: 404 models/gemini-1.5-flash is not found for API version v1beta, or is not supported for generateContent. Call ListModels to see the list of available models and their supported methods.",2026-01-23T14:58:27.087210
58024cf2-ae62-4c6d-8132-fa42c3e05436.jpg,"错误: 404 models/gemini-1.5-flash is not found for API version v1beta, or is not supported for generateContent. Call ListModels to see the list of available models and their supported methods.",2026-01-23T14:58:33.816184
694e187f-87f8-432a-bd8c-fc0473dbdc33.jpg,"错误: 404 models/gemini-1.5-flash is not found for API version v1beta, or is not supported for generateContent. Call ListModels to see the list of available models and their supported methods.",2026-01-23T14:58:40.568056
7064e587-8deb-4c56-bab9-9053b4559d85.jpg,"错误: 404 models/gemini-1.5-flash is not found for API version v1beta, or is not supported for generateContent. Call ListModels to see the list of available models and their supported methods.",2026-01-23T14:58:47.208082
E669CD312B529FABE68A28D3C648AA1B.jpg,"错误: 404 models/gemini-1.5-flash is not found for API version v1beta, or is not supported for generateContent. Call ListModels to see the list of available models and their supported methods.",2026-01-23T14:58:54.132445
F19987D514E836CA.jpg,"错误: 404 models/gemini-1.5-flash is not found for API version v1beta, or is not supported for generateContent. Call ListModels to see the list of available models and their supported methods.",2026-01-23T14:59:01.024449
FDF5A31A9A67FBFC.jpg,"错误: 404 models/gemini-1.5-flash is not found for API version v1beta, or is not supported for generateContent. Call ListModels to see the list of available models and their supported methods.",2026-01-23T14:59:07.616791
FE5CC5613E72DDDB.jpg,"错误: 404 models/gemini-1.5-flash is not found for API version v1beta, or is not supported for generateContent. Call ListModels to see the list of available models and their supported methods.",2026-01-23T14:59:14.230263
"u=3917714076,1838679228&fm=253&fmt=auto&app=138&f=JPEG.jpg","错误: 404 models/gemini-1.5-flash is not found for API version v1beta, or is not supported for generateContent. Call ListModels to see the list of available models and their supported methods.",2026-01-23T14:59:21.369797
